BMI,age,birthday,city,married,name
24.27,27,1998-06-04,North Dawn,yes,Dedric Roob PhD
21.69,31,1979-04-05,Stromanborough,yes,Citlalli Beer
26.83,29,1980-06-29,Warrenview,yes,Lionel Effertz
29.68,20,1987-05-08,Kuhnton,yes,Mr. Maddison Considine
20.17,18,2009-04-10,Budstad,yes,Madie Douglas PhD
26.4,10,2011-04-18,North Al,no,Naomie Mann
20.22,22,1977-09-10,Coleland,no,Mrs. Stephan Mayert
21.96,19,2007-09-24,Feestborough,no,Ms. Carli Cassin III
24.53,30,2005-09-28,Parkershire,yes,Tressie Heidenreich
16.15,31,1994-11-27,Wilfredport,no,Tierra Bashirian I
18.93,25,1997-12-24,Izaiahfurt,yes,Meggie Schumm Jr.
22.15,25,1998-09-01,Krajcikmouth,no,Dereck Jaskolski
29.36,43,2006-05-26,Rohanmouth,yes,Green Beatty
19.74,30,2011-03-10,South Consuelo,yes,Shakira Roob
28.65,30,2006-08-08,Conroyview,yes,Ms. Kurtis Rowe
18.32,49,1980-11-12,Lake Kobystad,yes,Abraham Littel
28.23,16,1976-08-26,New Liana,yes,Miss Lorine Fahey Jr.
26.0,16,1976-07-07,Port Cordiefort,yes,Ms. Nicola Stanton
27.98,18,1971-09-19,Klockobury,yes,Ford Halvorson
27.5,15,1972-07-13,East Jacemouth,no,Deshaun Fisher
16.29,38,1979-07-24,North Karley,yes,Jennie Kozey
28.21,47,1989-10-17,New Cyrilberg,yes,Kathryne Ward MD
22.81,38,1986-06-12,South Kiley,yes,Kaleb Powlowski
27.55,30,2010-06-30,West Hankmouth,yes,Mr. Liliana Rodriguez
18.89,28,1994-01-20,East Jess,no,Ettie Collins
15.67,43,1979-03-09,O'Kontown,no,Horacio Mraz
19.7,50,2006-04-25,New Matildeland,yes,Davonte Abernathy
29.2,27,2001-11-17,Wisozkton,yes,Dr. Nelson Jones
20.38,49,1975-04-23,Funkmouth,no,Miss Shania Halvorson
23.69,21,1979-05-28,Christianmouth,yes,Leif Anderson
16.95,38,1972-05-04,Schoenchester,yes,Rosendo Pfeffer
21.73,22,1975-07-11,South Anselborough,no,Urban Smith
17.44,22,1989-04-11,North Warrenburgh,yes,Queenie Anderson
21.67,39,1978-06-18,Moenborough,no,Miss Carmella Watsica Sr.
21.74,26,1993-11-23,McGlynnburgh,yes,Ciara Runolfsdottir
18.84,26,1987-11-22,New Ruben,no,Candida Luettgen
20.96,50,1995-03-08,Weissnatfort,yes,Amie Berge
21.51,30,1994-09-22,West Jensenside,no,Augusta Harvey
26.66,50,2006-01-18,New Shaina,no,Santina Gorczany
23.18,14,1980-10-13,New Karson,no,Dortha Parker
27.08,29,2003-03-21,North Addisonstad,no,Anna Swaniawski
16.01,50,2005-11-10,Maviston,yes,Lempi Zieme
25.46,16,1994-06-10,North Armani,no,Mr. German Friesen
20.16,30,1988-12-06,Gayletown,no,Iliana Legros
26.67,47,2009-07-07,East Jaimeville,no,Dr. Rowena Purdy
19.67,40,2009-11-24,Lake Candidaport,yes,Joannie Altenwerth
15.68,16,2009-11-20,Boscofurt,no,Lulu Vandervort
23.85,11,1975-11-16,Muellermouth,yes,Friedrich Prohaska
22.49,47,2005-06-03,Clemmiebury,no,Joey Ward
29.36,44,1993-02-09,Kenhaven,no,Rollin Batz
17.27,40,1974-02-26,Watsicachester,yes,Miss Al Cronin Sr.
23.6,16,1990-01-10,Glovertown,no,Kiara Wilkinson
25.21,37,1977-06-04,South Retta,yes,Rudolph Ebert
24.8,11,2011-09-27,East Garrisonstad,yes,Lane Ullrich DDS
15.44,32,2001-02-01,Urbanport,no,Mr. Stefan Kub PhD
15.41,44,1996-11-21,South Benton,no,Anais Runolfsdottir
20.16,39,2009-01-02,North Korbin,no,Wava Denesik
21.99,45,1978-11-30,Connellybury,no,Aliyah Macejkovic
22.14,17,1970-10-08,North Ayden,no,Lilly Grimes PhD
25.1,24,1976-08-15,East Darwin,yes,Kaley Waelchi
15.95,49,2003-12-30,Gaylordchester,no,Alexie Kuphal Jr.
18.21,12,1991-10-14,South Ibrahimfort,yes,Shana Borer
16.96,50,1989-08-15,Abernathymouth,yes,Mr. Penelope Pagac
26.03,35,1992-01-15,Larissaton,no,Karson Brown
25.56,50,1996-08-09,Fabianberg,no,Mrs. Allie Gutkowski PhD
15.75,30,1987-06-11,Doyleberg,yes,Franco O'Reilly Sr.
23.52,28,1999-10-30,East Deshaun,yes,Mr. Sarai Berge Sr.
25.64,43,1989-03-29,Howeshire,no,Mr. Monserrat Schumm
23.07,41,1998-01-25,Lake Eduardo,no,Cecelia Johnston PhD
27.81,21,1977-03-20,Huelburgh,yes,Peyton Trantow II
22.41,36,1988-03-05,Granvilleview,no,Delilah Crooks MD
23.16,29,1989-01-05,East Orland,yes,Asia Dickinson
21.25,17,1975-03-10,Port Mariamfort,no,Damien Trantow
16.78,40,2011-07-07,Koeppside,no,Garett O'Conner
27.6,19,2001-06-13,Jacobiland,yes,Mrs. Neil Huel
21.6,24,1993-07-23,Cristhaven,no,Abby Goyette MD
16.12,34,1983-08-28,Princessside,no,Rozella Glover
15.83,45,1977-09-30,Vestashire,no,Chanel Reilly
21.34,29,1972-06-09,West Curt,yes,Mrs. Kathryne Dibbert MD
24.19,48,1981-07-06,North Alexamouth,yes,Turner Wilderman
24.95,46,1974-10-09,Lake Travisport,no,Janelle Brown
21.66,46,1989-11-27,Garrettberg,no,Garrison Zulauf
28.46,39,2007-07-19,New Kylaberg,no,Emil Johnson
24.99,26,2001-03-08,Dexterburgh,yes,Antwon Carter
25.74,36,1992-07-02,Willland,no,Cloyd Hettinger V
26.41,36,1976-02-08,New Jefferyburgh,yes,Michelle Senger DVM
27.92,29,1991-12-08,Port Braxton,no,Jalyn Donnelly
25.7,11,1989-05-02,New Santiagohaven,yes,Mrs. Tre Stokes V
20.95,25,2010-05-02,New Marielle,yes,Mr. Cortney Hilll
17.76,21,1977-09-02,North Piper,yes,Ms. Connie Abernathy II
28.38,18,1990-07-15,Jaskolskibury,no,Carmen Toy
27.1,19,2002-11-15,Emiliomouth,no,Alvis Kiehn II
22.85,29,1971-01-26,Port Anastasiamouth,no,Eve Hickle
20.89,40,1993-04-26,Kilbackshire,no,Cory King
26.29,11,2013-08-16,Kristofferfort,no,Mrs. Gabe Reilly DDS
17.88,22,1970-05-11,Okunevaside,yes,Dr. Maximo Connelly
22.14,10,1977-05-25,Lake Kassandra,yes,Nettie Langosh
15.69,39,1976-06-17,Kennedyhaven,yes,Mrs. Margarita Prosacco V
23.8,20,2010-03-09,Janessafurt,yes,Hope Lebsack
25.08,24,1973-09-09,New Shemarbury,yes,Fidel Schiller
